song_id,song,artist,reentry_frequency,avg_momentum,max_momentum,avg_rank_jump,avg_popularity_change,avg_retention_days,reentry_score,spike_score,recovery_score,fandom_intensity_score
3D (Justin Timberlake Remix) - Jung Kook & Justin Timberlake,3D (Justin Timberlake Remix),Jung Kook & Justin Timberlake,1,1.6,1.6,-10.0,4.0,3.0,0.0,4.597701149425287,0.0,1.61
3D (feat. Jack Harlow) (Instrumental) - Jung Kook & Jack Harlow,3D (feat. Jack Harlow) (Instrumental),Jung Kook & Jack Harlow,1,2.0,2.0,-22.0,5.0,5.0,0.0,5.747126436781609,0.0,2.01
3D (feat. Jack Harlow) - Jung Kook,3D (feat. Jack Harlow),Jung Kook,4,1.3499999999999999,4.2,-0.25,0.0,63.75,10.0,0.0,0.0,4.0
A Psalm of Life - Lim Young Woong,A Psalm of Life,Lim Young Woong,6,7.966666666666666,15.4,0.8333333333333334,0.0,20.0,16.666666666666664,0.0,2.9761904761904763,7.41
A bientot - Lim Young Woong,A bientot,Lim Young Woong,24,12.383333333333333,19.2,-0.4583333333333333,-0.25,10.875,76.66666666666667,0.0,0.0,30.67
ABCD - NAYEON,ABCD,NAYEON,1,2.4,2.4,4.0,0.0,2.0,0.0,0.0,14.285714285714285,3.57
AK47 - Men's Tear & 뷰티풀너드,AK47,Men's Tear & 뷰티풀너드,2,1.0999999999999999,1.7999999999999998,0.0,0.5,6.0,3.3333333333333335,0.5747126436781609,0.0,1.53
ANTIFRAGILE - LE SSERAFIM,ANTIFRAGILE,LE SSERAFIM,1,0.0,0.0,-7.0,0.0,2.0,0.0,0.0,0.0,0.0
All I Want for Christmas Is You - Mariah Carey,All I Want for Christmas Is You,Mariah Carey,1,21.4,21.4,20.0,1.0,11.0,0.0,1.1494252873563218,71.42857142857143,18.26
All Or Nothing - J Money & KingLee,All Or Nothing,J Money & KingLee,1,5.2,5.2,4.0,7.0,1.0,0.0,8.045977011494253,14.285714285714285,6.39
Alone - Jimin,Alone,Jimin,6,4.966666666666667,11.4,-3.8333333333333335,0.0,17.833333333333332,16.666666666666664,0.0,0.0,6.67
"Angel Pt. 1 (feat. Jimin of BTS, JVKE & Muni Long) - Trailer Version - Fast & Furious: The Fast Saga & Jimin & BTS","Angel Pt. 1 (feat. Jimin of BTS, JVKE & Muni Long) - Trailer Version",Fast & Furious: The Fast Saga & Jimin & BTS,4,16.0,22.8,2.75,-3.0,17.25,10.0,0.0,9.821428571428571,6.46
"Angel Pt. 2 (feat. Jimin of BTS, Charlie Puth and Muni Long) - Fast & Furious: The Fast Saga & Jimin & BTS","Angel Pt. 2 (feat. Jimin of BTS, Charlie Puth and Muni Long)",Fast & Furious: The Fast Saga & Jimin & BTS,3,2.5999999999999996,3.5999999999999996,1.3333333333333333,-1.0,7.666666666666667,6.666666666666667,0.0,4.761904761904762,3.86
Armageddon - aespa,Armageddon,aespa,5,4.08,10.2,-1.8,-0.2,27.0,13.333333333333334,0.0,0.0,5.33
Armageddon - aespa & Grimes & Flava D,Armageddon,aespa & Grimes & Flava D,1,14.4,14.4,-5.0,36.0,1.0,0.0,41.37931034482759,0.0,14.48
Attention - NewJeans,Attention,NewJeans,10,4.84,9.0,-0.2,-0.4,10.3,30.0,0.0,0.0,12.0
BIRDS OF A FEATHER - Billie Eilish,BIRDS OF A FEATHER,Billie Eilish,3,9.266666666666666,13.6,1.0,0.6666666666666666,59.666666666666664,6.666666666666667,0.7662835249042145,3.571428571428571,3.83
Baddie - IVE,Baddie,IVE,3,2.733333333333333,6.6,0.0,-0.3333333333333333,4.333333333333333,6.666666666666667,0.0,0.0,2.67
Baggy Jeans - NCT,Baggy Jeans,NCT,1,0.0,0.0,-4.0,0.0,1.0,0.0,0.0,0.0,0.0
Bam Yang Gang - BIBI,Bam Yang Gang,BIBI,3,0.7999999999999999,1.2,-0.3333333333333333,0.0,16.333333333333332,6.666666666666667,0.0,0.0,2.67
Be Mine - Jimin,Be Mine,Jimin,1,0.6,0.6,0.0,0.0,106.0,0.0,0.0,0.0,0.0
Beautiful Things - Benson Boone,Beautiful Things,Benson Boone,4,9.35,18.4,1.0,0.5,21.25,10.0,0.5747126436781609,3.571428571428571,5.09
Better Things - aespa,Better Things,aespa,2,2.6999999999999997,4.8,0.0,-0.5,6.5,3.3333333333333335,0.0,0.0,1.33
Big Dawgs - Hanumankind & Kalmi,Big Dawgs,Hanumankind & Kalmi,1,0.0,0.0,0.0,0.0,3.0,0.0,0.0,0.0,0.0
Bite Me - ENHYPEN,Bite Me,ENHYPEN,1,1.2,1.2,2.0,0.0,5.0,0.0,0.0,7.142857142857142,1.79
Bling-Bang-Bang-Born - Creepy Nuts,Bling-Bang-Bang-Born,Creepy Nuts,4,3.3,6.0,-0.75,-0.25,5.75,10.0,0.0,0.0,4.0
Blue - V,Blue,V,4,1.25,2.1999999999999997,0.5,-0.75,2.0,10.0,0.0,1.7857142857142856,4.45
Boom Boom Bass - RIIZE,Boom Boom Bass,RIIZE,4,2.1999999999999997,4.8,1.25,0.0,18.0,10.0,0.0,4.464285714285714,5.12
Broken Melodies - NCT DREAM,Broken Melodies,NCT DREAM,1,3.5999999999999996,3.5999999999999996,6.0,-16.0,2.0,0.0,0.0,21.428571428571427,5.36
Bubble Gum - NewJeans,Bubble Gum,NewJeans,7,0.6,2.4,-1.5714285714285714,-0.2857142857142857,11.714285714285714,20.0,0.0,0.0,8.0
But Sometimes - BOYNEXTDOOR,But Sometimes,BOYNEXTDOOR,1,0.0,0.0,-10.0,0.0,1.0,0.0,0.0,0.0,0.0
CARNIVAL - ¥$ & Kanye West & Ty Dolla $ign,CARNIVAL,¥$ & Kanye West & Ty Dolla $ign,3,4.466666666666666,4.8,0.3333333333333333,3.6666666666666665,2.6666666666666665,6.666666666666667,4.21455938697318,1.1904761904761905,4.44
CHIHIRO - Billie Eilish,CHIHIRO,Billie Eilish,1,12.200000000000001,12.200000000000001,1.0,29.0,3.0,0.0,33.33333333333333,3.571428571428571,12.56
CRAZY - LE SSERAFIM,CRAZY,LE SSERAFIM,1,0.0,0.0,-6.0,0.0,2.0,0.0,0.0,0.0,0.0
CROOKED - G-DRAGON,CROOKED,G-DRAGON,2,1.4999999999999998,2.5999999999999996,-2.0,1.5,1.5,3.3333333333333335,1.7241379310344827,0.0,1.94
Candy (Feat. Zion.T) - Jay Park,Candy (Feat. Zion.T),Jay Park,3,1.5999999999999999,3.6,-1.0,2.0,1.3333333333333333,6.666666666666667,2.2988505747126435,0.0,3.47
Chk Chk Boom - Stray Kids,Chk Chk Boom,Stray Kids,1,1.6,1.6,2.0,1.0,3.0,0.0,1.1494252873563218,7.142857142857142,2.19
Christmas Love - Jimin,Christmas Love,Jimin,14,11.785714285714286,15.6,0.2857142857142857,0.21428571428571427,2.0,43.333333333333336,0.24630541871921183,1.0204081632653061,17.67
Christmas Tree - V,Christmas Tree,V,1,0.0,0.0,-12.0,-1.0,2.0,0.0,0.0,0.0,0.0
Click Like (Prod. Crush) (Feat. Paul Blanco) - Various Artists,Click Like (Prod. Crush) (Feat. Paul Blanco),Various Artists,1,2.4000000000000004,2.4000000000000004,-7.0,6.0,1.0,0.0,6.896551724137931,0.0,2.41
Closer Than This - Jimin,Closer Than This,Jimin,4,1.2,1.7999999999999998,-0.25,0.0,63.75,10.0,0.0,0.0,4.0
Closer to You (feat. Major Lazer) - Jung Kook,Closer to You (feat. Major Lazer),Jung Kook,13,4.707692307692307,8.4,-1.4615384615384615,-0.8461538461538461,2.3076923076923075,40.0,0.0,0.0,16.0
Come back to me - RM,Come back to me,RM,1,3.0,3.0,5.0,-15.0,1.0,0.0,0.0,17.857142857142858,4.46
Cool With You - NewJeans,Cool With You,NewJeans,1,1.2,1.2,2.0,0.0,1.0,0.0,0.0,7.142857142857142,1.79
Cosmic - Red Velvet,Cosmic,Red Velvet,1,1.2,1.2,0.0,0.0,10.0,0.0,0.0,0.0,0.0
Cruel Summer - Taylor Swift,Cruel Summer,Taylor Swift,16,6.8,16.8,-0.1875,-0.5625,15.5,50.0,0.0,0.0,20.0
Cupid - FIFTY FIFTY,Cupid,FIFTY FIFTY,1,0.0,0.0,-14.0,0.0,4.0,0.0,0.0,0.0,0.0
Cupid - Twin Ver. - FIFTY FIFTY,Cupid - Twin Ver.,FIFTY FIFTY,3,0.0,0.0,-5.666666666666667,-0.6666666666666666,5.666666666666667,6.666666666666667,0.0,0.0,2.67
Cupido - Engel Montaz & Kuv507 & Latinnites Music,Cupido,Engel Montaz & Kuv507 & Latinnites Music,1,9.4,9.4,15.0,1.0,1.0,0.0,1.1494252873563218,53.57142857142857,13.8
Dance The Night (From Barbie The Album) - Dua Lipa,Dance The Night (From Barbie The Album),Dua Lipa,3,2.4,5.0,-4.0,3.0,5.666666666666667,6.666666666666667,3.4482758620689653,0.0,3.87
Dangerously - Charlie Puth,Dangerously,Charlie Puth,4,3.5,4.2,2.0,0.5,3.0,10.0,0.5747126436781609,7.142857142857142,5.99
Dare to Love (feat. BIG Naughty) - B.I,Dare to Love (feat. BIG Naughty),B.I,1,0.0,0.0,0.0,0.0,1.0,0.0,0.0,0.0,0.0
Discord - QWER,Discord,QWER,1,3.4,3.4,5.0,1.0,2.0,0.0,1.1494252873563218,17.857142857142858,4.87
Ditto - NewJeans,Ditto,NewJeans,27,10.096296296296297,13.2,0.6296296296296297,-0.2962962962962963,7.555555555555555,86.66666666666667,0.0,2.248677248677249,35.23
Do or Die - Lim Young Woong,Do or Die,Lim Young Woong,7,1.3714285714285714,4.8,-0.2857142857142857,-0.42857142857142855,33.42857142857143,20.0,0.0,0.0,8.0
Don't Look Back In Anger - Remastered - Oasis,Don't Look Back In Anger - Remastered,Oasis,1,2.8,2.8,4.0,1.0,1.0,0.0,1.1494252873563218,14.285714285714285,3.97
Don't Look Back in Anger - Remastered - Oasis,Don't Look Back in Anger - Remastered,Oasis,2,0.2,0.4,-8.0,0.5,1.0,3.3333333333333335,0.5747126436781609,0.0,1.53
Drama - aespa,Drama,aespa,8,9.0,15.0,1.125,-0.625,12.5,23.333333333333332,0.0,4.017857142857143,10.34
Dreamers [Music from the FIFA World Cup Qatar 2022 Official Soundtrack] - Jung Kook & BTS,Dreamers [Music from the FIFA World Cup Qatar 2022 Official Soundtrack],Jung Kook & BTS,4,9.75,16.2,3.75,-0.5,3.0,10.0,0.0,13.392857142857142,7.35
Drowning - WOODZ,Drowning,WOODZ,2,0.2,0.4,0.0,0.5,1.0,3.3333333333333335,0.5747126436781609,0.0,1.53
EASY - LE SSERAFIM,EASY,LE SSERAFIM,10,4.86,9.6,2.4,0.1,12.0,30.0,0.11494252873563218,8.571428571428571,14.18
ETA - NewJeans,ETA,NewJeans,18,8.522222222222222,15.0,0.05555555555555555,-0.05555555555555555,12.5,56.666666666666664,0.0,0.1984126984126984,22.72
Elevator - Lim Young Woong,Elevator,Lim Young Woong,3,0.5333333333333333,1.2,0.0,0.3333333333333333,1.6666666666666667,6.666666666666667,0.38314176245210724,0.0,2.8
Espresso - Sabrina Carpenter,Espresso,Sabrina Carpenter,2,2.7,4.2,2.0,0.0,45.5,3.3333333333333335,0.0,7.142857142857142,3.12
FIELD TRIP - ¥$ & Kanye West & Ty Dolla $ign,FIELD TRIP,¥$ & Kanye West & Ty Dolla $ign,1,4.8,4.8,8.0,-3.0,2.0,0.0,0.0,28.57142857142857,7.14
FLOWER - JISOO,FLOWER,JISOO,3,2.4,7.199999999999999,-1.3333333333333333,-0.3333333333333333,3.0,6.666666666666667,0.0,0.0,2.67
FRI(END)S - V,FRI(END)S,V,6,1.6333333333333335,3.4,-1.3333333333333333,0.3333333333333333,18.666666666666668,16.666666666666664,0.38314176245210724,0.0,6.8
Face-off - Jimin,Face-off,Jimin,10,6.5,11.4,-0.6,-0.5,10.5,30.0,0.0,0.0,12.0
Fact Check - NCT 127,Fact Check,NCT 127,1,1.6,1.6,-6.0,4.0,2.0,0.0,4.597701149425287,0.0,1.61
Fate - (G)I-DLE,Fate,(G)I-DLE,4,1.15,3.0,-1.75,0.0,19.0,10.0,0.0,0.0,4.0
Father - Lim Young Woong,Father,Lim Young Woong,5,4.92,11.4,0.0,0.0,21.0,13.333333333333334,0.0,0.0,5.33
Fighting (Feat. Lee Young Ji) - BSS,Fighting (Feat. Lee Young Ji),BSS,1,0.0,0.0,-4.0,0.0,2.0,0.0,0.0,0.0,0.0
Filter - BTS,Filter,BTS,3,9.733333333333334,11.4,6.666666666666667,-1.0,2.0,6.666666666666667,0.0,23.80952380952381,8.62
For Us - V,For Us,V,1,4.2,4.2,4.0,-5.0,10.0,0.0,0.0,14.285714285714285,3.57
Fortnight (feat. Post Malone) - Taylor Swift,Fortnight (feat. Post Malone),Taylor Swift,2,0.0,0.0,-2.5,0.0,3.5,3.3333333333333335,0.0,0.0,1.33
Fry’s Dream - AKMU,Fry’s Dream,AKMU,2,17.5,19.6,4.5,4.0,25.0,3.3333333333333335,4.597701149425287,16.071428571428573,6.96
GODS - League of Legends & NewJeans,GODS,League of Legends & NewJeans,2,0.0,0.0,-2.0,0.0,1.0,3.3333333333333335,0.0,0.0,1.33
Get A Guitar - RIIZE,Get A Guitar,RIIZE,8,6.975,16.599999999999998,0.875,0.75,14.625,23.333333333333332,0.8620689655172413,3.125,10.42
Girls Never Die - tripleS,Girls Never Die,tripleS,1,0.4,0.4,-8.0,1.0,4.0,0.0,1.1494252873563218,0.0,0.4
Grain of Sand - Lim Young Woong,Grain of Sand,Lim Young Woong,7,2.5714285714285716,5.3999999999999995,-0.14285714285714285,0.0,33.857142857142854,20.0,0.0,0.0,8.0
Guess featuring Billie Eilish - Charli xcx & Billie Eilish,Guess featuring Billie Eilish,Charli xcx & Billie Eilish,1,7.0,7.0,9.0,1.0,3.0,0.0,1.1494252873563218,32.142857142857146,8.44
HAPPY - DAY6,HAPPY,DAY6,1,22.6,22.6,-3.0,4.0,91.0,0.0,4.597701149425287,0.0,1.61
HERO - Lim Young Woong,HERO,Lim Young Woong,4,6.75,14.399999999999999,-2.0,0.0,27.5,10.0,0.0,0.0,4.0
Haegeum - Agust D,Haegeum,Agust D,5,5.84,12.0,0.4,0.2,24.6,13.333333333333334,0.22988505747126436,1.4285714285714286,5.77
Hate You - Jung Kook,Hate You,Jung Kook,6,6.3,12.6,0.3333333333333333,-0.3333333333333333,14.666666666666666,16.666666666666664,0.0,1.1904761904761905,6.96
Holssi - IU,Holssi,IU,2,0.3,0.6,-0.5,0.0,5.0,3.3333333333333335,0.0,0.0,1.33
Home - Lim Young Woong,Home,Lim Young Woong,3,3.1999999999999997,6.6,-1.0,0.0,42.333333333333336,6.666666666666667,0.0,0.0,2.67
How Sweet - NewJeans,How Sweet,NewJeans,2,0.6,0.6,0.5,0.0,69.0,3.3333333333333335,0.0,1.7857142857142856,1.78
"How can I love the heartbreak, you're the one I love - AKMU","How can I love the heartbreak, you're the one I love",AKMU,2,3.0,6.0,-0.5,0.0,12.5,3.3333333333333335,0.0,0.0,1.33
Hype Boy - NewJeans,Hype Boy,NewJeans,21,7.266666666666667,12.6,0.47619047619047616,-0.38095238095238093,7.857142857142857,66.66666666666666,0.0,1.7006802721088434,27.09
I Don’t Think That I Like Her - Charlie Puth,I Don’t Think That I Like Her,Charlie Puth,4,0.95,1.7999999999999998,-0.75,0.5,1.75,10.0,0.5747126436781609,0.0,4.2
I Had Some Help (Feat. Morgan Wallen) - Post Malone & Morgan Wallen,I Had Some Help (Feat. Morgan Wallen),Post Malone & Morgan Wallen,1,0.8,0.8,-5.0,2.0,1.0,0.0,2.2988505747126435,0.0,0.8
I Like Me Better - Lauv,I Like Me Better,Lauv,1,1.2,1.2,2.0,0.0,1.0,0.0,0.0,7.142857142857142,1.79
I Love You - Lim Young Woong,I Love You,Lim Young Woong,12,9.466666666666667,15.6,1.0833333333333333,0.0,11.75,36.666666666666664,0.0,3.8690476190476186,15.63
I will come to you - Jin,I will come to you,Jin,1,8.2,8.2,-10.0,10.0,5.0,0.0,11.494252873563218,0.0,4.02
If I have you only (My love X Nerd Connection) - Nerd Connection,If I have you only (My love X Nerd Connection),Nerd Connection,9,8.11111111111111,11.4,-0.2222222222222222,-0.2222222222222222,6.111111111111111,26.666666666666668,0.0,0.0,10.67
"If I’m S, Can You Be My N? - TWS","If I’m S, Can You Be My N?",TWS,1,4.2,4.2,5.0,0.0,12.0,0.0,0.0,17.857142857142858,4.46
If We Ever Meet Again - Lim Young Woong,If We Ever Meet Again,Lim Young Woong,8,4.2749999999999995,18.599999999999998,-0.5,-0.25,54.0,23.333333333333332,0.0,0.0,9.33
Impossible - RIIZE,Impossible,RIIZE,1,1.2,1.2,-3.0,-6.0,4.0,0.0,0.0,0.0,0.0
In Bloom - ZEROBASEONE,In Bloom,ZEROBASEONE,2,0.8,1.2000000000000002,-2.5,2.0,2.0,3.3333333333333335,2.2988505747126435,0.0,2.14
Interlude : Dive - Jimin,Interlude : Dive,Jimin,21,13.180952380952382,19.2,-0.2857142857142857,-0.38095238095238093,17.238095238095237,66.66666666666666,0.0,0.0,26.67
Interlude : Showtime - Jimin,Interlude : Showtime,Jimin,1,3.0,3.0,-2.0,0.0,106.0,0.0,0.0,0.0,0.0
Intro: Singularity - BTS,Intro: Singularity,BTS,2,1.7,3.0,-1.5,0.5,2.5,3.3333333333333335,0.5747126436781609,0.0,1.53
I’ll See You There Tomorrow - TOMORROW X TOGETHER,I’ll See You There Tomorrow,TOMORROW X TOGETHER,1,0.0,0.0,-3.0,0.0,4.0,0.0,0.0,0.0,0.0
Jealousyvalhalla - YANGHONGWON,Jealousyvalhalla,YANGHONGWON,1,17.6,17.6,28.0,2.0,1.0,0.0,2.2988505747126435,100.0,25.8
K-POP - Travis Scott & Bad Bunny & The Weeknd,K-POP,Travis Scott & Bad Bunny & The Weeknd,1,35.400000000000006,35.400000000000006,1.0,87.0,2.0,0.0,100.0,3.571428571428571,35.89
Kill Bill - SZA,Kill Bill,SZA,3,3.6,4.2,0.0,0.0,13.666666666666666,6.666666666666667,0.0,0.0,2.67
Kitsch - IVE,Kitsch,IVE,2,0.3,0.6,0.0,-0.5,1.0,3.3333333333333335,0.0,0.0,1.33
Klaxon - (G)I-DLE,Klaxon,(G)I-DLE,2,4.6,7.3999999999999995,1.5,1.0,9.5,3.3333333333333335,1.1494252873563218,5.357142857142857,3.07
LOVE DIVE - IVE,LOVE DIVE,IVE,3,0.6,1.2,0.3333333333333333,0.0,1.3333333333333333,6.666666666666667,0.0,1.1904761904761905,2.96
Last Christmas - Single Version - Wham!,Last Christmas - Single Version,Wham!,1,20.4,20.4,5.0,0.0,5.0,0.0,0.0,17.857142857142858,4.46
Left and Right (Feat. Jung Kook of BTS) - Charlie Puth,Left and Right (Feat. Jung Kook of BTS),Charlie Puth,8,7.05,10.2,-2.0,-1.25,8.375,23.333333333333332,0.0,0.0,9.33
Let's Say Goodbye - Parc Jae Jung,Let's Say Goodbye,Parc Jae Jung,2,6.0,6.6,1.5,0.0,31.5,3.3333333333333335,0.0,5.357142857142857,2.67
Like Crazy (Deep House Remix) - Jimin,Like Crazy (Deep House Remix),Jimin,9,5.866666666666666,9.0,-0.2222222222222222,-0.3333333333333333,2.888888888888889,26.666666666666668,0.0,0.0,10.67
Like Crazy (English Version) - Jimin,Like Crazy (English Version),Jimin,3,0.39999999999999997,0.6,-0.6666666666666666,0.0,43.0,6.666666666666667,0.0,0.0,2.67
Like Crazy (Instrumental) - Jimin,Like Crazy (Instrumental),Jimin,2,3.9,4.2,2.5,0.0,2.0,3.3333333333333335,0.0,8.928571428571429,3.57
Like Crazy (UK Garage Remix) - Jimin,Like Crazy (UK Garage Remix),Jimin,8,6.449999999999999,9.0,0.0,-0.25,2.875,23.333333333333332,0.0,0.0,9.33
Like Crazy - Jimin,Like Crazy,Jimin,5,4.32,18.0,0.4,-0.4,50.8,13.333333333333334,0.0,1.4285714285714286,5.69
Like That - Future & Metro Boomin,Like That,Future & Metro Boomin,1,3.0,3.0,2.0,3.0,3.0,0.0,3.4482758620689653,7.142857142857142,2.99
Lilith (feat. SUGA of BTS) (Diablo IV Anthem) - Halsey & SUGA,Lilith (feat. SUGA of BTS) (Diablo IV Anthem),Halsey & SUGA,6,3.5,8.4,0.3333333333333333,-0.6666666666666666,6.166666666666667,16.666666666666664,0.0,1.1904761904761905,6.96
Little Light - DOYOUNG,Little Light,DOYOUNG,1,0.8,0.8,-3.0,2.0,4.0,0.0,2.2988505747126435,0.0,0.8
London Boy - Lim Young Woong,London Boy,Lim Young Woong,10,0.24,1.2,-0.9,-0.2,22.1,30.0,0.0,0.0,12.0
Lost and Found - KingLee & Lil' Flip,Lost and Found,KingLee & Lil' Flip,1,17.8,17.8,19.0,16.0,2.0,0.0,18.39080459770115,67.85714285714286,23.4
Love 119 - RIIZE,Love 119,RIIZE,3,1.0,2.4,-1.6666666666666667,-0.3333333333333333,13.666666666666666,6.666666666666667,0.0,0.0,2.67
Love Always Run Away - Lim Young Woong,Love Always Run Away,Lim Young Woong,14,10.971428571428572,13.2,0.42857142857142855,-0.07142857142857142,9.5,43.333333333333336,0.0,1.530612244897959,17.72
Love Lee - AKMU,Love Lee,AKMU,1,0.0,0.0,-2.0,0.0,1.0,0.0,0.0,0.0,0.0
Love Letter - Lim Young Woong,Love Letter,Lim Young Woong,9,2.1999999999999997,10.799999999999999,-0.6666666666666666,-0.4444444444444444,8.11111111111111,26.666666666666668,0.0,0.0,10.67
Love Me Again - V,Love Me Again,V,4,2.25,4.2,-1.25,0.0,63.75,10.0,0.0,0.0,4.0
Love Me Like This - NMIXX,Love Me Like This,NMIXX,2,0.0,0.0,-2.0,-25.0,1.0,3.3333333333333335,0.0,0.0,1.33
Love Station - Lim Young Woong,Love Station,Lim Young Woong,3,0.6666666666666666,1.0,0.0,0.6666666666666666,1.3333333333333333,6.666666666666667,0.7662835249042145,0.0,2.93
Love You With All My Heart - Crush,Love You With All My Heart,Crush,1,18.599999999999998,18.599999999999998,0.0,3.0,33.0,0.0,3.4482758620689653,0.0,1.21
Love wins all - IU,Love wins all,IU,3,0.39999999999999997,1.2,0.0,-0.3333333333333333,12.333333333333334,6.666666666666667,0.0,0.0,2.67
Lovely Touch - Lim Young Woong,Lovely Touch,Lim Young Woong,5,8.639999999999999,13.799999999999999,-1.0,0.0,23.4,13.333333333333334,0.0,0.0,5.33
Lovin On Me - Jack Harlow,Lovin On Me,Jack Harlow,2,3.5999999999999996,6.6,0.0,0.0,6.5,3.3333333333333335,0.0,0.0,1.33
Loving You - Lim Young Woong,Loving You,Lim Young Woong,3,0.7333333333333334,1.6,-0.6666666666666666,0.3333333333333333,2.3333333333333335,6.666666666666667,0.38314176245210724,0.0,2.8
Lucky Girl Syndrome - ILLIT,Lucky Girl Syndrome,ILLIT,4,4.949999999999999,15.599999999999998,-1.0,0.25,11.75,10.0,0.28735632183908044,0.0,4.1
MAESTRO - SEVENTEEN,MAESTRO,SEVENTEEN,1,0.0,0.0,-8.0,0.0,2.0,0.0,0.0,0.0,0.0
MANIAC - VIVIZ,MANIAC,VIVIZ,4,2.3499999999999996,5.3999999999999995,-1.0,0.25,2.75,10.0,0.28735632183908044,0.0,4.1
MEOW - MEOVV,MEOW,MEOVV,1,1.2,1.2,2.0,-18.0,2.0,0.0,0.0,7.142857142857142,1.79
MILLION DOLLAR BABY - Tommy Richman,MILLION DOLLAR BABY,Tommy Richman,3,0.7999999999999999,1.2,0.6666666666666666,0.0,18.333333333333332,6.666666666666667,0.0,2.380952380952381,3.26
Magnetic - ILLIT,Magnetic,ILLIT,2,0.8999999999999999,1.2,1.0,0.0,69.0,3.3333333333333335,0.0,3.571428571428571,2.23
Mars - D.O.,Mars,D.O.,1,2.6,2.6,1.0,5.0,1.0,0.0,5.747126436781609,3.571428571428571,2.9
Melt Down - DAY6,Melt Down,DAY6,4,5.85,7.199999999999999,1.5,-0.25,8.75,10.0,0.0,5.357142857142857,5.34
Memories - RIIZE,Memories,RIIZE,4,6.199999999999999,14.2,2.75,0.5,10.0,10.0,0.5747126436781609,9.821428571428571,6.66
Midas Touch - KISS OF LIFE,Midas Touch,KISS OF LIFE,2,0.4,0.8,-2.5,1.0,2.0,3.3333333333333335,1.1494252873563218,0.0,1.74
My Love Mine All Mine - Mitski,My Love Mine All Mine,Mitski,10,5.52,10.799999999999999,1.1,-0.6,7.7,30.0,0.0,3.9285714285714293,12.98
My Starry Love - Lim Young Woong,My Starry Love,Lim Young Woong,3,0.4666666666666666,1.4,-2.3333333333333335,-0.3333333333333333,1.0,6.666666666666667,0.0,0.0,2.67
My You - Jung Kook,My You,Jung Kook,6,0.8999999999999999,1.7999999999999998,-2.3333333333333335,-1.5,2.0,16.666666666666664,0.0,0.0,6.67
NEMONEMO - YENA,NEMONEMO,YENA,5,3.9200000000000004,8.8,0.0,0.2,2.4,13.333333333333334,0.22988505747126436,0.0,5.41
NIGHT DANCER - BIG Naughty Remix - imase & BIG Naughty,NIGHT DANCER - BIG Naughty Remix,imase & BIG Naughty,1,4.800000000000001,4.800000000000001,-9.0,6.0,7.0,0.0,6.896551724137931,0.0,2.41
Nest - Lim Young Woong,Nest,Lim Young Woong,6,0.6333333333333333,2.4,-0.16666666666666666,-0.3333333333333333,1.3333333333333333,16.666666666666664,0.0,0.0,6.67
Never Let Go - Jung Kook,Never Let Go,Jung Kook,2,0.3,0.6,0.0,0.0,28.0,3.3333333333333335,0.0,0.0,1.33
New Jeans - NewJeans,New Jeans,NewJeans,23,10.730434782608695,14.799999999999999,0.7391304347826086,-0.34782608695652173,7.304347826086956,73.33333333333333,0.0,2.639751552795031,29.99
Nice Guy - BOYNEXTDOOR,Nice Guy,BOYNEXTDOOR,1,0.0,0.0,-3.0,0.0,1.0,0.0,0.0,0.0,0.0
No Tomorrow - Spotify Singles - Various Artists,No Tomorrow - Spotify Singles,Various Artists,1,8.4,8.4,4.0,15.0,2.0,0.0,17.24137931034483,14.285714285714285,9.61
Not Like Us - Kendrick Lamar,Not Like Us,Kendrick Lamar,5,2.12,4.6000000000000005,-4.2,-0.8,7.2,13.333333333333334,0.0,0.0,5.33
OMG - NewJeans,OMG,NewJeans,15,13.546666666666665,21.0,1.9333333333333333,-0.6,10.2,46.666666666666664,0.0,6.904761904761905,20.39
"Our Blues, Our Life - Lim Young Woong","Our Blues, Our Life",Lim Young Woong,31,7.974193548387096,20.4,1.096774193548387,-0.0967741935483871,10.129032258064516,100.0,0.0,3.9170506912442393,40.98
People Pt.2 (feat. IU) - Agust D,People Pt.2 (feat. IU),Agust D,2,18.0,18.599999999999998,4.0,-1.0,63.5,3.3333333333333335,0.0,14.285714285714285,4.9
Perfect Night - LE SSERAFIM,Perfect Night,LE SSERAFIM,13,8.86153846153846,13.2,0.6153846153846154,0.07692307692307693,10.846153846153847,40.0,0.08841732979664015,2.197802197802198,16.58
Please Don't Change (feat. DJ Snake) - Jung Kook,Please Don't Change (feat. DJ Snake),Jung Kook,10,8.22,11.4,-1.7,-0.6,5.4,30.0,0.0,0.0,12.0
Please Please Please - Sabrina Carpenter,Please Please Please,Sabrina Carpenter,5,7.2,10.2,1.0,-0.4,5.0,13.333333333333334,0.0,3.571428571428571,6.23
Pleasure Shop - KEY,Pleasure Shop,KEY,1,2.4000000000000004,2.4000000000000004,2.0,3.0,1.0,0.0,3.4482758620689653,7.142857142857142,2.99
Polaroid - Lim Young Woong,Polaroid,Lim Young Woong,4,1.0499999999999998,3.5999999999999996,-0.25,0.0,52.0,10.0,0.0,0.0,4.0
Promise - Jimin,Promise,Jimin,9,6.266666666666667,11.4,-1.0,-0.1111111111111111,3.5555555555555554,26.666666666666668,0.0,0.0,10.67
Pump Up The Volume! - PLAVE,Pump Up The Volume!,PLAVE,2,7.8,8.4,-1.0,-2.0,7.5,3.3333333333333335,0.0,0.0,1.33
Queencard - (G)I-DLE,Queencard,(G)I-DLE,2,0.3,0.6,-3.0,-1.0,1.0,3.3333333333333335,0.0,0.0,1.33
Rainbow - Lim Young Woong,Rainbow,Lim Young Woong,19,7.505263157894737,21.599999999999998,0.3684210526315789,-0.05263157894736842,18.789473684210527,60.0,0.0,1.3157894736842104,24.33
Rainy Days - V,Rainy Days,V,4,3.3,6.6,-3.5,-0.5,3.5,10.0,0.0,0.0,4.0
Rebirth (Intro) - Jimin,Rebirth (Intro),Jimin,1,1.2,1.2,-1.0,0.0,106.0,0.0,0.0,0.0,0.0
Right Now - NewJeans,Right Now,NewJeans,2,1.9999999999999998,3.5999999999999996,2.5,0.5,19.0,3.3333333333333335,0.5747126436781609,8.928571428571429,3.77
Rockstar - LISA,Rockstar,LISA,1,0.0,0.0,-6.0,0.0,8.0,0.0,0.0,0.0,0.0
SHEESH - BABYMONSTER,SHEESH,BABYMONSTER,1,0.4,0.4,-3.0,1.0,2.0,0.0,1.1494252873563218,0.0,0.4
SOS - KANGDANIEL,SOS,KANGDANIEL,3,0.0,0.0,-8.333333333333334,-1.0,4.666666666666667,6.666666666666667,0.0,0.0,2.67
SPOT! - ZICO & JENNIE,SPOT!,ZICO & JENNIE,2,2.1,4.2,-0.5,-3.0,8.0,3.3333333333333335,0.0,0.0,1.33
STUPID IN LOVE (feat. HUH YUNJIN of LE SSERAFIM) - MAX,STUPID IN LOVE (feat. HUH YUNJIN of LE SSERAFIM),MAX,3,15.333333333333334,22.799999999999997,3.6666666666666665,10.333333333333334,10.0,6.666666666666667,11.877394636015326,13.095238095238097,10.1
Saturn - SZA,Saturn,SZA,2,1.8,3.6,-1.0,1.5,4.0,3.3333333333333335,1.7241379310344827,0.0,1.94
Set Me Free Pt.2 - Jimin,Set Me Free Pt.2,Jimin,3,0.6,1.2,-0.6666666666666666,-0.3333333333333333,43.0,6.666666666666667,0.0,0.0,2.67
Seven (feat. Latto) (Alesso Remix) - Jung Kook & Latto,Seven (feat. Latto) (Alesso Remix),Jung Kook & Latto,2,7.4,13.6,-3.5,2.0,1.5,3.3333333333333335,2.2988505747126435,0.0,2.14
Seven (feat. Latto) (Band Ver.) - Jung Kook & Latto,Seven (feat. Latto) (Band Ver.),Jung Kook & Latto,3,0.26666666666666666,0.8,-7.0,0.6666666666666666,2.0,6.666666666666667,0.7662835249042145,0.0,2.93
Seven (feat. Latto) (Explicit Ver.) - Jung Kook,Seven (feat. Latto) (Explicit Ver.),Jung Kook,4,0.15,0.6,0.0,0.0,63.75,10.0,0.0,0.0,4.0
Seven (feat. Latto) (Explicit Ver.) - Jung Kook & Latto,Seven (feat. Latto) (Explicit Ver.),Jung Kook & Latto,1,3.6,3.6,0.0,9.0,108.0,0.0,10.344827586206897,0.0,3.62
Seven (feat. Latto) (Instrumental) - Jung Kook & Latto,Seven (feat. Latto) (Instrumental),Jung Kook & Latto,1,3.0000000000000004,3.0000000000000004,0.0,6.0,19.0,0.0,6.896551724137931,0.0,2.41
Seven (feat. Latto) (Summer Mix) - Jung Kook & Latto,Seven (feat. Latto) (Summer Mix),Jung Kook & Latto,1,0.4,0.4,-23.0,1.0,2.0,0.0,1.1494252873563218,0.0,0.4
Shot Glass of Tears - Jung Kook,Shot Glass of Tears,Jung Kook,5,2.76,3.5999999999999996,0.2,-1.0,1.6,13.333333333333334,0.0,0.7142857142857143,5.51
Slow Dance (feat. Sofia Carson) - Jimin,Slow Dance (feat. Sofia Carson),Jimin,1,0.6,0.6,-1.0,0.0,106.0,0.0,0.0,0.0,0.0
Slow Dancing (Piano Ver.) - V,Slow Dancing (Piano Ver.),V,1,0.0,0.0,-1.0,-7.0,1.0,0.0,0.0,0.0,0.0
Slow Dancing - V,Slow Dancing,V,6,3.1333333333333333,9.6,1.3333333333333333,0.16666666666666666,38.333333333333336,16.666666666666664,0.19157088122605362,4.761904761904762,7.92
Small girl (feat. D.O.) - Lee Young Ji,Small girl (feat. D.O.),Lee Young Ji,5,5.359999999999999,9.6,-0.6,-0.2,14.8,13.333333333333334,0.0,0.0,5.33
Smart - LE SSERAFIM,Smart,LE SSERAFIM,3,6.666666666666668,18.8,-1.0,15.666666666666666,32.0,6.666666666666667,18.007662835249043,0.0,8.97
Smeraldo Garden Marching Band (feat. Loco) - Jimin,Smeraldo Garden Marching Band (feat. Loco),Jimin,1,0.0,0.0,0.0,0.0,106.0,0.0,0.0,0.0,0.0
Smeraldo Garden Marching Band (feat. Loco) - Jimin & Loco,Smeraldo Garden Marching Band (feat. Loco),Jimin & Loco,1,0.0,0.0,0.0,0.0,9.0,0.0,0.0,0.0,0.0
Snowman - Sia,Snowman,Sia,1,18.0,18.0,10.0,0.0,7.0,0.0,0.0,35.714285714285715,8.93
Somebody - Jung Kook,Somebody,Jung Kook,15,4.76,7.8,-1.1333333333333333,-0.4,2.1333333333333333,46.666666666666664,0.0,0.0,18.67
Spicy - aespa,Spicy,aespa,1,2.4,2.4,4.0,-1.0,2.0,0.0,0.0,14.285714285714285,3.57
Spring Snow - 10CM,Spring Snow,10CM,3,10.266666666666667,15.6,-2.6666666666666665,4.666666666666667,7.0,6.666666666666667,5.363984674329502,0.0,4.54
Standing Next to You - Jung Kook,Standing Next to You,Jung Kook,5,2.28,4.2,0.6,0.0,53.2,13.333333333333334,0.0,2.142857142857143,5.87
Stay Alive (Prod. SUGA of BTS) - Jung Kook,Stay Alive (Prod. SUGA of BTS),Jung Kook,1,0.0,0.0,-13.0,-3.0,1.0,0.0,0.0,0.0,0.0
Steady - NCT WISH,Steady,NCT WISH,1,1.2000000000000002,1.2000000000000002,-11.0,3.0,1.0,0.0,3.4482758620689653,0.0,1.21
"Steal The Show - From ""Elemental"" - Lauv","Steal The Show - From ""Elemental""",Lauv,1,7.199999999999999,7.199999999999999,4.0,0.0,25.0,0.0,0.0,14.285714285714285,3.57
Sticky - KISS OF LIFE,Sticky,KISS OF LIFE,3,0.6666666666666666,2.0,-2.3333333333333335,0.6666666666666666,33.333333333333336,6.666666666666667,0.7662835249042145,0.0,2.93
Still With You - Jung Kook,Still With You,Jung Kook,1,0.0,0.0,-7.0,0.0,1.0,0.0,0.0,0.0,0.0
Sudden Shower - ECLIPSE,Sudden Shower,ECLIPSE,4,8.55,14.0,-1.5,0.75,18.75,10.0,0.8620689655172413,0.0,4.3
Sugarcoat (NATTY Solo) - KISS OF LIFE,Sugarcoat (NATTY Solo),KISS OF LIFE,3,5.599999999999999,14.399999999999999,2.3333333333333335,0.0,5.333333333333333,6.666666666666667,0.0,8.333333333333334,4.75
Sunflower - Spider-Man: Into the Spider-Verse - Post Malone,Sunflower - Spider-Man: Into the Spider-Verse,Post Malone,5,0.6799999999999999,1.7999999999999998,-3.6,-0.6,2.2,13.333333333333334,0.0,0.0,5.33
Super - SEVENTEEN,Super,SEVENTEEN,2,1.2,2.4,-7.5,-0.5,15.5,3.3333333333333335,0.0,0.0,1.33
Super Lady - (G)I-DLE,Super Lady,(G)I-DLE,1,0.0,0.0,-3.0,0.0,2.0,0.0,0.0,0.0,0.0
Super Shy - NewJeans,Super Shy,NewJeans,6,3.5,9.0,-0.16666666666666666,0.0,26.833333333333332,16.666666666666664,0.0,0.0,6.67
Supernatural - NewJeans,Supernatural,NewJeans,2,0.8,1.2,1.0,0.5,69.0,3.3333333333333335,0.5747126436781609,3.571428571428571,2.43
Supernova - aespa,Supernova,aespa,3,1.3999999999999997,1.7999999999999998,0.0,0.0,45.666666666666664,6.666666666666667,0.0,0.0,2.67
Swan Song - LE SSERAFIM,Swan Song,LE SSERAFIM,1,0.0,0.0,-2.0,0.0,2.0,0.0,0.0,0.0,0.0
Sweet Night - V,Sweet Night,V,2,1.2,1.2,2.0,-0.5,2.0,3.3333333333333335,0.0,7.142857142857142,3.12
T.B.H - QWER,T.B.H,QWER,8,2.6999999999999997,4.8,1.75,-0.25,7.375,23.333333333333332,0.0,6.25,10.9
Take Two - BTS,Take Two,BTS,1,6.0,6.0,-4.0,-1.0,11.0,0.0,0.0,0.0,0.0
Talk Saxy - RIIZE,Talk Saxy,RIIZE,6,1.7999999999999998,3.9999999999999996,-2.0,0.5,2.5,16.666666666666664,0.5747126436781609,0.0,6.87
Taste - Sabrina Carpenter,Taste,Sabrina Carpenter,3,1.5333333333333332,3.4,-2.0,0.3333333333333333,1.6666666666666667,6.666666666666667,0.38314176245210724,0.0,2.8
Teddy Bear - STAYC,Teddy Bear,STAYC,4,1.7999999999999998,3.0,1.0,-0.25,3.0,10.0,0.0,3.571428571428571,4.89
That's What I Like - Bruno Mars,That's What I Like,Bruno Mars,1,0.0,0.0,-2.0,0.0,2.0,0.0,0.0,0.0,0.0
The Planet - BTS,The Planet,BTS,3,1.8,3.0,1.6666666666666667,-0.6666666666666666,2.3333333333333335,6.666666666666667,0.0,5.9523809523809526,4.15
Thirsty - aespa,Thirsty,aespa,1,0.0,0.0,-1.0,0.0,1.0,0.0,0.0,0.0,0.0
Tick-Tack - ILLIT,Tick-Tack,ILLIT,1,0.4,0.4,-1.0,1.0,1.0,0.0,1.1494252873563218,0.0,0.4
Time of Our Life -Japanese ver.- - Japanese ver. - DAY6,Time of Our Life -Japanese ver.- - Japanese ver.,DAY6,9,12.622222222222222,14.799999999999999,0.2222222222222222,0.0,10.88888888888889,26.666666666666668,0.0,0.7936507936507936,10.87
To. X - TAEYEON,To. X,TAEYEON,3,0.39999999999999997,1.2,-2.3333333333333335,-0.3333333333333333,16.333333333333332,6.666666666666667,0.0,0.0,2.67
Too Sad to Dance - Jung Kook,Too Sad to Dance,Jung Kook,9,3.7333333333333334,6.6,0.4444444444444444,-0.7777777777777778,1.6666666666666667,26.666666666666668,0.0,1.5873015873015872,11.06
Touch - KATSEYE,Touch,KATSEYE,2,10.2,20.4,-4.0,0.0,34.5,3.3333333333333335,0.0,0.0,1.33
Trust in me - Lim Young Woong,Trust in me,Lim Young Woong,1,3.0,3.0,-1.0,0.0,10.0,0.0,0.0,0.0,0.0
VIBE (feat. Jimin of BTS) - TAEYANG,VIBE (feat. Jimin of BTS),TAEYANG,7,4.542857142857143,12.6,0.2857142857142857,-0.14285714285714285,9.142857142857142,20.0,0.0,1.0204081632653061,8.26
Vancouver - BIG Naughty,Vancouver,BIG Naughty,2,0.0,0.0,-5.5,-1.5,1.5,3.3333333333333335,0.0,0.0,1.33
WAY 4 LUV - PLAVE,WAY 4 LUV,PLAVE,1,4.2,4.2,1.0,0.0,3.0,0.0,0.0,3.571428571428571,0.89
Warmth - Lim Young Woong,Warmth,Lim Young Woong,4,4.5,8.4,-1.0,-0.25,32.75,10.0,0.0,0.0,4.0
Welcome to the Show - DAY6,Welcome to the Show,DAY6,6,11.166666666666666,15.6,-2.0,-0.6666666666666666,15.333333333333334,16.666666666666664,0.0,0.0,6.67
Who (Acoustic Remix) - Jimin,Who (Acoustic Remix),Jimin,5,12.4,16.599999999999998,-3.2,0.4,15.6,13.333333333333334,0.45977011494252873,0.0,5.49
Who (Beautiful Mind Remix) - Jimin,Who (Beautiful Mind Remix),Jimin,12,10.983333333333333,17.799999999999997,-1.1666666666666667,0.08333333333333333,5.666666666666667,36.666666666666664,0.09578544061302681,0.0,14.7
Who (Funky Remix) - Jimin,Who (Funky Remix),Jimin,12,10.316666666666666,15.6,0.08333333333333333,0.16666666666666666,5.25,36.666666666666664,0.19157088122605362,0.2976190476190476,14.81
Who (Instrumental) - Jimin,Who (Instrumental),Jimin,9,14.088888888888889,17.6,-0.5555555555555556,0.2222222222222222,7.888888888888889,26.666666666666668,0.25542784163473814,0.0,10.76
Who (Rock Remix) - Jimin,Who (Rock Remix),Jimin,5,13.36,20.2,-3.8,0.4,16.4,13.333333333333334,0.45977011494252873,0.0,5.49
Who (Shibuyakei Remix) - Jimin,Who (Shibuyakei Remix),Jimin,8,10.75,15.8,1.875,0.25,8.75,23.333333333333332,0.28735632183908044,6.696428571428571,11.11
Who - Jimin,Who,Jimin,1,0.0,0.0,0.0,0.0,106.0,0.0,0.0,0.0,0.0
Why? - PLAVE,Why?,PLAVE,1,0.4,0.4,-15.0,1.0,2.0,0.0,1.1494252873563218,0.0,0.4
With you - Jimin & HA SUNG WOON,With you,Jimin & HA SUNG WOON,4,12.4,18.0,5.25,-0.75,5.25,10.0,0.0,18.75,8.69
"Yes or No (Feat. 허윤진 of LE SSERAFIM, Crush) - GroovyRoom & HUH YUNJIN","Yes or No (Feat. 허윤진 of LE SSERAFIM, Crush)",GroovyRoom & HUH YUNJIN,2,2.6999999999999997,3.5999999999999996,4.0,-1.0,6.0,3.3333333333333335,0.0,14.285714285714285,4.9
Yes or No - Jung Kook,Yes or No,Jung Kook,3,1.0,2.4,0.6666666666666666,-0.3333333333333333,16.666666666666668,6.666666666666667,0.0,2.380952380952381,3.26
You & Me (Coachella ver.) - JENNIE,You & Me (Coachella ver.),JENNIE,1,29.6,29.6,-12.0,74.0,2.0,0.0,85.0574712643678,0.0,29.77
You & Me - JENNIE,You & Me,JENNIE,6,1.4666666666666666,2.4,1.3333333333333333,-0.6666666666666666,3.3333333333333335,16.666666666666664,0.0,4.761904761904762,7.86
You Were Beautiful - DAY6,You Were Beautiful,DAY6,13,8.215384615384615,14.399999999999999,0.7692307692307693,0.0,4.538461538461538,40.0,0.0,2.7472527472527477,16.69
Young Man - HYUKOH & 落日飛車 Sunset Rollercoaster,Young Man,HYUKOH & 落日飛車 Sunset Rollercoaster,1,8.4,8.4,14.0,-20.0,3.0,0.0,0.0,50.0,12.5
bye - Ariana Grande,bye,Ariana Grande,1,0.8,0.8,-13.0,2.0,1.0,0.0,2.2988505747126435,0.0,0.8
double take - Dhruv,double take,Dhruv,6,9.5,12.0,4.333333333333333,-0.16666666666666666,5.0,16.666666666666664,0.0,15.476190476190474,10.54
euphoria - Kendrick Lamar,euphoria,Kendrick Lamar,1,1.6,1.6,-8.0,4.0,1.0,0.0,4.597701149425287,0.0,1.61
greedy - Tate McRae,greedy,Tate McRae,1,2.1999999999999997,2.1999999999999997,-2.0,1.0,4.0,0.0,1.1494252873563218,0.0,0.4
plot twist - TWS,plot twist,TWS,4,1.35,3.0,0.25,-0.25,21.5,10.0,0.0,0.8928571428571428,4.22
vampire - Olivia Rodrigo,vampire,Olivia Rodrigo,2,0.0,0.0,-6.0,-0.5,8.5,3.3333333333333335,0.0,0.0,1.33
we can't be friends (wait for your love) - Ariana Grande,we can't be friends (wait for your love),Ariana Grande,3,1.0666666666666667,2.0,-1.6666666666666667,0.6666666666666666,18.666666666666668,6.666666666666667,0.7662835249042145,0.0,2.93
wherever u r (ft. V of BTS) - UMI & V,wherever u r (ft. V of BTS),UMI & V,2,3.9,4.8,2.5,-0.5,1.5,3.3333333333333335,0.0,8.928571428571429,3.57
"yes, and? - Ariana Grande","yes, and?",Ariana Grande,3,9.666666666666666,14.399999999999999,6.0,-7.333333333333333,4.333333333333333,6.666666666666667,0.0,21.428571428571427,8.02
アイドル - YOASOBI,アイドル,YOASOBI,3,1.9999999999999998,3.5999999999999996,0.3333333333333333,-19.333333333333332,4.0,6.666666666666667,0.0,1.1904761904761905,2.96
踊り子 - Vaundy,踊り子,Vaundy,3,2.533333333333333,3.5999999999999996,3.3333333333333335,0.3333333333333333,24.666666666666668,6.666666666666667,0.38314176245210724,11.904761904761905,5.78
녹아내려요 Melt Down - DAY6,녹아내려요 Melt Down,DAY6,1,0.0,0.0,-10.0,0.0,1.0,0.0,0.0,0.0,0.0
"무제(無題) (Untitled, 2014) - G-DRAGON","무제(無題) (Untitled, 2014)",G-DRAGON,1,5.4,5.4,7.0,3.0,1.0,0.0,3.4482758620689653,25.0,7.46
예뻤어 - DAY6,예뻤어,DAY6,1,0.0,0.0,-1.0,0.0,1.0,0.0,0.0,0.0,0.0
한 페이지가 될 수 있게 - DAY6,한 페이지가 될 수 있게,DAY6,1,0.6,0.6,1.0,0.0,1.0,0.0,0.0,3.571428571428571,0.89
